Year,D14C,D14C.sd,F14C,F14C.sd
1941.2083,-20.4,2.4,0.9785,0.0024
1941.2917,-20.2,2.5,0.9788,0.0025
1941.375,-20,2.6,0.9789,0.0026
1941.4583,-19.9,2.6,0.9791,0.0026
1941.5417,-19.8,2.6,0.9792,0.0026
1941.625,-19.8,2.5,0.9792,0.0025
1941.7083,-19.8,2.4,0.9792,0.0024
1941.7917,-19.8,2.2,0.9792,0.0022
1941.875,-19.9,2.1,0.9791,0.0021
1941.9583,-20,2,0.9791,0.002
1942.0417,-20.1,2,0.979,0.002
1942.125,-20.2,2,0.9788,0.002
1942.2083,-20.4,2,0.9787,0.002
1942.2917,-20.6,2,0.9785,0.002
1942.375,-20.7,2.1,0.9784,0.0021
1942.4583,-20.9,2.1,0.9782,0.0021
1942.5417,-21.1,2.1,0.9781,0.0021
1942.625,-21.2,2,0.9779,0.002
1942.7083,-21.4,2,0.9778,0.002
1942.7917,-21.5,1.9,0.9776,0.0019
1942.875,-21.6,1.9,0.9775,0.0019
1942.9583,-21.7,1.9,0.9774,0.0019
1943.0417,-21.8,1.9,0.9773,0.0019
1943.125,-21.9,1.9,0.9773,0.0019
1943.2083,-22,2,0.9772,0.002
1943.2917,-22,2,0.9772,0.002
1943.375,-22,2.1,0.9772,0.0021
1943.4583,-21.9,2.1,0.9773,0.0021
1943.5417,-21.9,2.1,0.9774,0.0021
1943.625,-21.8,2,0.9775,0.002
1943.7083,-21.6,2,0.9776,0.002
1943.7917,-21.5,1.9,0.9778,0.0019
1943.875,-21.3,1.9,0.9779,0.0019
1943.9583,-21.2,1.9,0.9781,0.0019
1944.0417,-21,2,0.9783,0.002
1944.125,-20.9,2.1,0.9784,0.0021
1944.2083,-20.8,2.2,0.9785,0.0022
1944.2917,-20.7,2.3,0.9786,0.0023
1944.375,-20.6,2.4,0.9787,0.0024
1944.4583,-20.6,2.5,0.9787,0.0025
1944.5417,-20.7,2.5,0.9787,0.0025
1944.625,-20.7,2.5,0.9786,0.0025
1944.7083,-20.9,2.4,0.9785,0.0024
1944.7917,-21,2.3,0.9784,0.0023
1944.875,-21.2,2.2,0.9782,0.0022
1944.9583,-21.4,2.1,0.978,0.0021
1945.0417,-21.6,2.1,0.9778,0.0021
1945.125,-21.8,2.1,0.9776,0.0021
1945.2083,-22,2.2,0.9775,0.0022
1945.2917,-22.2,2.3,0.9773,0.0023
1945.375,-22.3,2.5,0.9771,0.0025
1945.4583,-22.5,2.6,0.977,0.0026
1945.5417,-22.6,2.7,0.9769,0.0027
1945.625,-22.6,2.7,0.9769,0.0027
1945.7083,-22.7,2.7,0.9768,0.0027
1945.7917,-22.7,2.7,0.9769,0.0027
1945.875,-22.6,2.6,0.9769,0.0026
1945.9583,-22.6,2.5,0.9769,0.0025
1946.0417,-22.5,2.4,0.977,0.0024
1946.125,-22.4,2.2,0.9771,0.0022
1946.2083,-22.4,2.1,0.9772,0.0021
1946.2917,-22.3,1.9,0.9773,0.0019
1946.375,-22.2,1.8,0.9774,0.0018
1946.4583,-22.1,1.7,0.9775,0.0017
1946.5417,-22,1.7,0.9776,0.0017
1946.625,-22,1.7,0.9776,0.0017
1946.7083,-21.9,1.7,0.9777,0.0017
1946.7917,-21.9,1.8,0.9778,0.0018
1946.875,-21.8,1.9,0.9778,0.0019
1946.9583,-21.8,1.9,0.9778,0.0019
1947.0417,-21.8,2,0.9779,0.002
1947.125,-21.7,2.1,0.9779,0.0021
1947.2083,-21.7,2.2,0.978,0.0022
1947.2917,-21.7,2.2,0.978,0.0022
1947.375,-21.7,2.2,0.978,0.0022
1947.4583,-21.6,2.1,0.9781,0.0021
1947.5417,-21.6,2.1,0.9781,0.0021
1947.625,-21.6,2,0.9781,0.002
1947.7083,-21.6,1.9,0.9782,0.0019
1947.7917,-21.6,1.8,0.9782,0.0018
1947.875,-21.5,1.8,0.9782,0.0018
1947.9583,-21.6,1.9,0.9782,0.0019
1948.0417,-21.6,1.9,0.9782,0.0019
1948.125,-21.6,2.1,0.9781,0.0021
1948.2083,-21.7,2.2,0.9781,0.0022
1948.2917,-21.8,2.3,0.978,0.0023
1948.375,-22,2.4,0.9778,0.0024
1948.4583,-22.2,2.5,0.9776,0.0025
1948.5417,-22.4,2.5,0.9774,0.0025
1948.625,-22.7,2.4,0.9772,0.0024
1948.7083,-23,2.4,0.9769,0.0024
1948.7917,-23.3,2.3,0.9765,0.0023
1948.875,-23.7,2.1,0.9762,0.0021
1948.9583,-24,2.1,0.9759,0.0021
1949.0417,-24.4,2,0.9755,0.002
1949.125,-24.7,2,0.9752,0.002
1949.2083,-25.1,2,0.9748,0.002
1949.2917,-25.4,2.1,0.9745,0.0021
1949.375,-25.6,2.1,0.9743,0.0021
1949.4583,-25.9,2.2,0.9741,0.0022
1949.5417,-26.1,2.2,0.9739,0.0022
1949.625,-26.2,2.1,0.9737,0.0021
1949.7083,-26.3,2.1,0.9737,0.0021
1949.7917,-26.4,2,0.9736,0.002
1949.875,-26.4,1.9,0.9736,0.0019
1949.9583,-26.4,1.9,0.9736,0.0019
1950.0417,-26.3,1.8,0.9737,0.0018
1950.125,-26.3,1.8,0.9737,0.0018
1950.2083,-26.2,1.9,0.9738,0.0019
1950.2917,-26.1,1.9,0.9739,0.0019
1950.375,-26,1.9,0.974,0.0019
1950.4583,-26,2,0.9741,0.002
1950.5417,-25.9,1.9,0.9742,0.0019
1950.625,-25.8,1.9,0.9742,0.0019
1950.7083,-25.8,1.9,0.9743,0.0019
1950.7917,-25.8,1.8,0.9743,0.0018
1950.875,-25.7,1.7,0.9744,0.0017
1950.9583,-25.7,1.7,0.9744,0.0017
1951.0417,-25.7,1.7,0.9744,0.0017
1951.125,-25.8,1.8,0.9744,0.0018
1951.2083,-25.8,1.8,0.9743,0.0018
1951.2917,-25.9,1.9,0.9743,0.0019
1951.375,-25.9,1.9,0.9742,0.0019
1951.4583,-26,2,0.9741,0.002
1951.5417,-26.1,2,0.974,0.002
1951.625,-26.3,1.9,0.9739,0.0019
1951.7083,-26.4,1.9,0.9738,0.0019
1951.7917,-26.5,1.8,0.9737,0.0018
1951.875,-26.6,1.7,0.9736,0.0017
1951.9583,-26.7,1.7,0.9735,0.0017
1952.0417,-26.8,1.7,0.9735,0.0017
1952.125,-26.8,1.7,0.9735,0.0017
1952.2083,-26.7,1.8,0.9736,0.0018
1952.2917,-26.6,1.8,0.9737,0.0018
1952.375,-26.4,1.9,0.9739,0.0019
1952.4583,-26.1,1.9,0.9742,0.0019
1952.5417,-25.7,1.9,0.9746,0.0019
1952.625,-25.3,1.9,0.975,0.0019
1952.7083,-24.7,1.9,0.9756,0.0019
1952.7917,-24.1,1.9,0.9762,0.0019
1952.875,-23.5,2,0.9769,0.002
1952.9583,-22.8,2,0.9776,0.002
1953.0417,-22,2.1,0.9783,0.0021
1953.125,-21.3,2.3,0.9791,0.0023
1953.2083,-20.6,2.4,0.9798,0.0024
1953.2917,-19.8,2.5,0.9805,0.0025
1953.375,-19.2,2.6,0.9812,0.0026
1953.4583,-18.5,2.7,0.9819,0.0027
1953.5417,-17.9,2.7,0.9825,0.0027
1953.625,-17.4,2.6,0.983,0.0026
1953.7083,-16.9,2.5,0.9835,0.0025
1953.7917,-16.4,2.4,0.984,0.0024
1953.875,-15.9,2.2,0.9846,0.0022
1953.9583,-15.3,2.1,0.9851,0.0021
1954.0417,-14.7,2,0.9857,0.002
1954.125,-14,2,0.9865,0.002
1954.2083,-13.2,2,0.9873,0.002
1954.2917,-12.3,2,0.9882,0.002
1954.375,-11.2,2,0.9893,0.002
1954.4583,-9.9,2.1,0.9906,0.0021
1954.5417,-8.5,2.1,0.9921,0.0021
1954.625,-6.8,2,0.9937,0.002
1954.7083,-5,2,0.9956,0.002
1954.7917,-3,1.9,0.9976,0.0019
1954.875,-0.9,1.8,0.9997,0.0018
1954.9583,1.3,1.8,1.0019,0.0018
1955.0417,3.6,1.8,1.0042,0.0018
1955.125,5.9,1.8,1.0065,0.0018
1955.2083,8.2,1.9,1.0089,0.0019
1955.2917,10.5,1.9,1.0112,0.0019
1955.375,12.8,2,1.0135,0.002
1955.4583,15.1,2,1.0157,0.002
1955.5417,17.2,2.1,1.0179,0.0021
1955.625,19.3,2.1,1.02,0.0021
1955.7083,21.3,2.2,1.022,0.0022
1955.7917,23.3,2.3,1.024,0.0023
1955.875,25.2,2.5,1.026,0.0025
1955.9583,27.2,2.7,1.0279,0.0027
1956.0417,29.2,3,1.03,0.003
1956.125,31.3,3.3,1.032,0.0033
1956.2083,33.4,3.6,1.0342,0.0036
1956.2917,35.7,3.8,1.0365,0.0038
1956.375,38.1,4,1.0389,0.004
1956.4583,40.6,4.1,1.0414,0.0041
1956.5417,43.3,4.1,1.0442,0.0041
1956.625,46.2,4,1.0471,0.004
1956.7083,49.3,3.8,1.0501,0.0038
1956.7917,52.5,3.5,1.0533,0.0035
1956.875,55.8,3.2,1.0566,0.0032
1956.9583,59.1,2.9,1.06,0.0029
1957.0417,62.6,2.5,1.0635,0.0025
1957.125,66,2.2,1.067,0.0022
1957.2083,69.5,1.9,1.0704,0.0019
1957.2917,73,1.6,1.0739,0.0016
1957.375,76.4,1.5,1.0774,0.0015
1957.4583,79.7,1.4,1.0807,0.0014
1957.5417,83,1.4,1.084,0.0014
1957.625,86.2,1.5,1.0872,0.0015
1957.7083,89.5,1.8,1.0905,0.0018
1957.7917,92.9,2.2,1.0939,0.0022
1957.875,96.5,2.6,1.0976,0.0026
1957.9583,100.4,3.1,1.1015,0.0031
1958.0417,104.8,3.6,1.1058,0.0036
1958.125,102.6,4.1,1.1037,0.0041
1958.2083,101.8,4.5,1.1029,0.0045
1958.2917,105.7,4.8,1.1068,0.0048
1958.375,116.4,5.1,1.1175,0.0051
1958.4583,131.8,5.2,1.133,0.0052
1958.5417,146.3,5.2,1.1475,0.0052
1958.625,154.7,5.1,1.1559,0.0051
1958.7083,156.9,4.9,1.1582,0.0049
1958.7917,157.9,4.7,1.1592,0.0047
1958.875,162.8,5.1,1.164,0.0051
1958.9583,172.6,5.6,1.1739,0.0056
1959.0417,184.9,5.2,1.1862,0.0052
1959.125,197,4.8,1.1984,0.0048
1959.2083,210,5,1.2114,0.005
1959.2917,226.4,5.3,1.2278,0.0053
1959.375,245.9,5.6,1.2473,0.0056
1959.4583,263,5.8,1.2645,0.0058
1959.5417,270,5.9,1.2715,0.0059
1959.625,263.8,5.9,1.2653,0.0059
1959.7083,249,5.8,1.2505,0.0058
1959.7917,234.4,5.5,1.2358,0.0055
1959.875,225,5.2,1.2265,0.0052
1959.9583,218.5,4.8,1.22,0.0048
1960.0417,209.3,4.4,1.2108,0.0044
1960.125,199.1,3.4,1.2005,0.0034
1960.2083,193.5,3.4,1.195,0.0034
1960.2917,200.2,3.5,1.2017,0.0035
1960.375,217.8,3.4,1.2193,0.0034
1960.4583,235,3.1,1.2365,0.0031
1960.5417,239.6,3.3,1.2412,0.0033
1960.625,229,3.8,1.2306,0.0038
1960.7083,212.4,3.9,1.214,0.0039
1960.7917,202.1,3.9,1.2036,0.0039
1960.875,202.8,3.9,1.2044,0.0039
1960.9583,208.8,3.9,1.2104,0.0039
1961.0417,210.8,4.1,1.2124,0.0041
1961.125,206.5,4.3,1.2081,0.0043
1961.2083,202.9,4.3,1.2045,0.0043
1961.2917,208.8,4.1,1.2105,0.0041
1961.375,224.8,4.1,1.2265,0.0041
1961.4583,240.6,4.1,1.2424,0.0041
1961.5417,244,3.8,1.2457,0.0038
1961.625,232.3,3.8,1.234,0.0038
1961.7083,216.1,3.8,1.2178,0.0038
1961.7917,210.2,3.8,1.212,0.0038
1961.875,220.9,3.8,1.2226,0.0038
1961.9583,241.5,3.8,1.2433,0.0038
1962.0417,261.1,3.7,1.263,0.0037
1962.125,276.3,3.4,1.2782,0.0034
1962.2083,294.4,3.4,1.2963,0.0034
1962.2917,323.6,3.8,1.3256,0.0038
1962.375,361.4,4.3,1.3634,0.0043
1962.4583,394.1,4.3,1.3962,0.0043
1962.5417,408.9,3.9,1.411,0.0039
1962.625,404.9,3.6,1.4071,0.0036
1962.7083,394.2,3.6,1.3964,0.0036
1962.7917,390.9,3.6,1.393,0.0036
1962.875,399.4,3.8,1.4016,0.0038
1962.9583,414.1,3.9,1.4163,0.0039
1963.0417,428.6,3.6,1.4308,0.0036
1963.125,447,2.9,1.4493,0.0029
1963.2083,485.7,2.6,1.4881,0.0026
1963.2917,561,2.7,1.5635,0.0027
1963.375,672.4,2.7,1.6751,0.0027
1963.4583,796.3,2.8,1.7992,0.0028
1963.5417,896.2,3,1.8993,0.003
1963.625,944.6,3.2,1.9478,0.0032
1963.7083,939.7,3.1,1.9429,0.0031
1963.7917,902,2.7,1.9052,0.0027
1963.875,858.4,2.7,1.8615,0.0027
1963.9583,825.3,2.8,1.8284,0.0028
1964.0417,807.1,2.8,1.8102,0.0028
1964.125,803.4,2.8,1.8065,0.0028
1964.2083,814.7,2.9,1.8179,0.0029
1964.2917,840.7,3,1.8439,0.003
1964.375,874,2.9,1.8772,0.0029
1964.4583,901.2,3,1.9046,0.003
1964.5417,910.4,3.1,1.9138,0.0031
1964.625,898.2,3,1.9016,0.003
1964.7083,871,2.9,1.8743,0.0029
1964.7917,838.8,2.9,1.842,0.0029
1964.875,809.4,3,1.8127,0.003
1964.9583,785.8,3.1,1.7891,0.0031
1965.0417,768.9,3,1.7721,0.003
1965.125,758.2,2.9,1.7614,0.0029
1965.2083,756.2,2.6,1.7594,0.0026
1965.2917,765,2.5,1.7683,0.0025
1965.375,782.3,2.6,1.7857,0.0026
1965.4583,798.9,2.7,1.8022,0.0027
1965.5417,803.6,2.8,1.807,0.0028
1965.625,791.4,2.7,1.7948,0.0027
1965.7083,767.2,2.7,1.7706,0.0027
1965.7917,740.7,2.6,1.744,0.0026
1965.875,719.1,2.8,1.7224,0.0028
1965.9583,703.1,3,1.7064,0.003
1966.0417,690.5,3.1,1.6938,0.0031
1966.125,681.5,3,1.6848,0.003
1966.2083,679.5,2.9,1.6828,0.0029
1966.2917,687.1,2.9,1.6905,0.0029
1966.375,701.6,3.1,1.705,0.0031
1966.4583,715.2,3.3,1.7186,0.0033
1966.5417,720.3,3.4,1.7237,0.0034
1966.625,714.1,3.2,1.7176,0.0032
1966.7083,700.4,2.9,1.7038,0.0029
1966.7917,685.1,2.7,1.6886,0.0027
1966.875,672.3,2.8,1.6757,0.0028
1966.9583,661.7,3,1.6651,0.003
1967.0417,651.8,3.1,1.6552,0.0031
1967.125,643.3,2.9,1.6467,0.0029
1967.2083,639.9,2.9,1.6433,0.0029
1967.2917,643.9,3.1,1.6473,0.0031
1967.375,652.5,3.2,1.656,0.0032
1967.4583,658.7,3.4,1.6622,0.0034
1967.5417,656.9,3.4,1.6604,0.0034
1967.625,647,3.2,1.6505,0.0032
1967.7083,633.7,3,1.6372,0.003
1967.7917,621.3,2.9,1.6248,0.0029
1967.875,609.9,2.9,1.6134,0.0029
1967.9583,597.4,2.7,1.6008,0.0027
1968.0417,584,2.6,1.5875,0.0026
1968.125,574.1,2.5,1.5775,0.0025
1968.2083,572.1,2.6,1.5756,0.0026
1968.2917,578.6,3,1.5821,0.003
1968.375,588.5,3.3,1.5921,0.0033
1968.4583,594.8,3.5,1.5984,0.0035
1968.5417,593.5,3.4,1.5971,0.0034
1968.625,586.3,3.3,1.5899,0.0033
1968.7083,578.1,3.3,1.5817,0.0033
1968.7917,572.8,3.2,1.5764,0.0032
1968.875,570.6,3.1,1.5742,0.0031
1968.9583,568.3,3.2,1.5719,0.0032
1969.0417,563.9,3.6,1.5675,0.0036
1969.125,558.8,3.9,1.5624,0.0039
1969.2083,556.8,3.7,1.5604,0.0037
1969.2917,559.5,3.3,1.5631,0.0033
1969.375,563.8,3.1,1.5675,0.0031
1969.4583,564.5,3.2,1.5682,0.0032
1969.5417,559.1,3.4,1.5628,0.0034
1969.625,551,3.5,1.5546,0.0035
1969.7083,546.1,3.5,1.5498,0.0035
1969.7917,547.1,3.5,1.5508,0.0035
1969.875,550.4,3.5,1.5541,0.0035
1969.9583,549.7,3.5,1.5535,0.0035
1970.0417,542.4,3.4,1.5462,0.0034
1970.125,532.3,3.5,1.5361,0.0035
1970.2083,526.5,3.6,1.5302,0.0036
1970.2917,529.2,3.6,1.5329,0.0036
1970.375,538,3.3,1.5418,0.0033
1970.4583,546.7,3.1,1.5505,0.0031
1970.5417,550.4,3,1.5543,0.003
1970.625,548.9,3.2,1.5528,0.0032
1970.7083,544.5,3.5,1.5483,0.0035
1970.7917,537.7,3.8,1.5416,0.0038
1970.875,526.6,3.7,1.5304,0.0037
1970.9583,510,3.4,1.5139,0.0034
1971.0417,492.6,3.4,1.4964,0.0034
1971.125,483.6,3.9,1.4874,0.0039
1971.2083,490,4.4,1.4938,0.0044
1971.2917,509.2,4.5,1.5131,0.0045
1971.375,530.3,4.1,1.5342,0.0041
1971.4583,541.3,3.8,1.5453,0.0038
1971.5417,538.5,4.2,1.5425,0.0042
1971.625,527,4.5,1.531,0.0045
1971.7083,515,4.3,1.519,0.0043
1971.7917,506.8,4,1.5108,0.004
1971.875,501,4,1.505,0.004
1971.9583,494.4,4.2,1.4984,0.0042
1972.0417,486.4,4.4,1.4904,0.0044
1972.125,480.1,4.6,1.4841,0.0046
1972.2083,478.9,4.4,1.4829,0.0044
1972.2917,482.4,3.9,1.4864,0.0039
1972.375,486.2,3.7,1.4902,0.0037
1972.4583,485.5,4,1.4895,0.004
1972.5417,479.5,4.6,1.4835,0.0046
1972.625,471.7,5.1,1.4757,0.0051
1972.7083,466.4,5.1,1.4704,0.0051
1972.7917,464.3,4.8,1.4684,0.0048
1972.875,462,4.4,1.4661,0.0044
1972.9583,455.4,4.2,1.4595,0.0042
1973.0417,444.2,3.8,1.4483,0.0038
1973.125,432.9,3.3,1.4369,0.0033
1973.2083,427.2,3,1.4312,0.003
1973.2917,429.7,3.3,1.4338,0.0033
1973.375,438.6,4.2,1.4426,0.0042
1973.4583,448.5,4.8,1.4526,0.0048
1973.5417,454.5,5.1,1.4586,0.0051
1973.625,453.9,5.1,1.4581,0.0051
1973.7083,447,4.6,1.4511,0.0046
1973.7917,436.1,3.9,1.4403,0.0039
1973.875,424.7,4.3,1.4288,0.0043
1973.9583,415.7,5.6,1.4198,0.0056
1974.0417,411.1,6.2,1.4152,0.0062
1974.125,410.6,6,1.4148,0.006
1974.2083,413.1,5.7,1.4172,0.0057
1974.2917,416.4,5.7,1.4206,0.0057
1974.375,419.4,5.4,1.4236,0.0054
1974.4583,421.3,4.8,1.4255,0.0048
1974.5417,421.7,4.3,1.4259,0.0043
1974.625,419.9,4,1.4241,0.004
1974.7083,415.4,3.8,1.4196,0.0038
1974.7917,408.3,3.8,1.4125,0.0038
1974.875,399.6,3.8,1.4039,0.0038
1974.9583,391.2,3.6,1.3954,0.0036
1975.0417,383.8,3.7,1.388,0.0037
1975.125,378.9,4,1.3831,0.004
1975.2083,377.8,4,1.382,0.004
1975.2917,381,4,1.3852,0.004
1975.375,386.9,4.3,1.3912,0.0043
1975.4583,392.8,5.1,1.3971,0.0051
1975.5417,395.9,6.1,1.4002,0.0061
1975.625,394.7,6.7,1.399,0.0067
1975.7083,389.6,6.7,1.394,0.0067
1975.7917,381.9,6.2,1.3862,0.0062
1975.875,373,5.4,1.3773,0.0054
1975.9583,364.2,4.9,1.3685,0.0049
1976.0417,356.6,4.6,1.3609,0.0046
1976.125,351.1,3.9,1.3554,0.0039
1976.2083,348.5,3.1,1.3528,0.0031
1976.2917,348.9,2.7,1.3532,0.0027
1976.375,351.4,2.7,1.3558,0.0027
1976.4583,354.2,2.6,1.3586,0.0026
1976.5417,355.5,2.6,1.3598,0.0026
1976.625,354.6,2.8,1.359,0.0028
1976.7083,352.4,3.2,1.3567,0.0032
1976.7917,349.3,3.3,1.3537,0.0033
1976.875,345.2,3,1.3495,0.003
1976.9583,339.8,2.6,1.3441,0.0026
1977.0417,334,2.3,1.3384,0.0023
1977.125,330.1,2,1.3345,0.002
1977.2083,329.5,1.7,1.3339,0.0017
1977.2917,332.1,1.7,1.3365,0.0017
1977.375,335.8,1.7,1.3402,0.0017
1977.4583,338.7,1.8,1.3431,0.0018
1977.5417,339.6,2,1.3441,0.002
1977.625,338.5,2.2,1.3429,0.0022
1977.7083,335.4,2.1,1.3398,0.0021
1977.7917,330.6,2,1.3351,0.002
1977.875,325.1,1.9,1.3295,0.0019
1977.9583,320.1,1.8,1.3246,0.0018
1978.0417,317.2,1.7,1.3217,0.0017
1978.125,316.9,1.8,1.3214,0.0018
1978.2083,319,2.1,1.3235,0.0021
1978.2917,322.4,2.3,1.3269,0.0023
1978.375,326.1,2.4,1.3306,0.0024
1978.4583,329,2.5,1.3336,0.0025
1978.5417,330.7,2.5,1.3353,0.0025
1978.625,330.9,2.6,1.3356,0.0026
1978.7083,329.5,2.8,1.3341,0.0028
1978.7917,325.9,2.9,1.3305,0.0029
1978.875,320,2.8,1.3246,0.0028
1978.9583,312.9,2.4,1.3175,0.0024
1979.0417,306.3,2.4,1.3108,0.0024
1979.125,301.9,2.2,1.3065,0.0022
1979.2083,300.2,2.2,1.3048,0.0022
1979.2917,300,2.2,1.3047,0.0022
1979.375,300.2,2.2,1.3048,0.0022
1979.4583,300.2,2.2,1.3048,0.0022
1979.5417,300,2.3,1.3047,0.0023
1979.625,299.6,2.4,1.3043,0.0024
1979.7083,298,2.8,1.3027,0.0028
1979.7917,294,2.8,1.2986,0.0028
1979.875,287,2.5,1.2917,0.0025
1979.9583,278.4,2.2,1.283,0.0022
1980.0417,270.4,2.1,1.275,0.0021
1980.125,265.3,2,1.27,0.002
1980.2083,263.9,2,1.2685,0.002
1980.2917,265.2,1.9,1.2698,0.0019
1980.375,267.6,1.9,1.2723,0.0019
1980.4583,269.9,2,1.2746,0.002
1980.5417,271.3,2,1.276,0.002
1980.625,271.2,1.9,1.2759,0.0019
1980.7083,269.3,1.8,1.274,0.0018
1980.7917,265.6,1.9,1.2703,0.0019
1980.875,261.2,1.9,1.2659,0.0019
1980.9583,257.3,1.7,1.262,0.0017
1981.0417,254.7,1.5,1.2594,0.0015
1981.125,253.3,1.4,1.258,0.0014
1981.2083,252.9,1.3,1.2577,0.0013
1981.2917,253.7,1.4,1.2585,0.0014
1981.375,255.7,1.6,1.2605,0.0016
1981.4583,258.4,1.7,1.2632,0.0017
1981.5417,260.7,1.8,1.2655,0.0018
1981.625,261.6,1.8,1.2664,0.0018
1981.7083,260.9,2,1.2658,0.002
1981.7917,259.2,2.1,1.264,0.0021
1981.875,256.3,1.9,1.2612,0.0019
1981.9583,252,1.8,1.2569,0.0018
1982.0417,246.2,1.6,1.251,0.0016
1982.125,240.2,1.5,1.2451,0.0015
1982.2083,236.3,1.5,1.2411,0.0015
1982.2917,235.5,1.4,1.2403,0.0014
1982.375,237.6,1.4,1.2424,0.0014
1982.4583,240.8,1.3,1.2456,0.0013
1982.5417,243,1.5,1.2479,0.0015
1982.625,243,1.7,1.2479,0.0017
1982.7083,240.4,1.8,1.2454,0.0018
1982.7917,236.4,1.7,1.2413,0.0017
1982.875,232.5,1.4,1.2374,0.0014
1982.9583,230.1,1.2,1.235,0.0012
1983.0417,229,1.1,1.2339,0.0011
1983.125,228.3,1.1,1.2333,0.0011
1983.2083,227.7,1.1,1.2326,0.0011
1983.2917,227.6,1.1,1.2325,0.0011
1983.375,228.8,1.2,1.2338,0.0012
1983.4583,231.1,1.2,1.2361,0.0012
1983.5417,232.9,1.2,1.2379,0.0012
1983.625,232.7,1.2,1.2377,0.0012
1983.7083,230.1,1.3,1.2351,0.0013
1983.7917,226,1.3,1.231,0.0013
1983.875,220.9,1.4,1.2259,0.0014
1983.9583,215.2,1.4,1.2202,0.0014
1984.0417,209.6,1.4,1.2146,0.0014
1984.125,205.7,1.3,1.2107,0.0013
1984.2083,204.9,1.2,1.2099,0.0012
1984.2917,206.8,1.3,1.2118,0.0013
1984.375,209.6,1.3,1.2147,0.0013
1984.4583,211.5,1.2,1.2165,0.0012
1984.5417,211.8,1.2,1.2169,0.0012
1984.625,211.3,1.5,1.2164,0.0015
1984.7083,210.7,1.8,1.2158,0.0018
1984.7917,209.9,1.7,1.215,0.0017
1984.875,208.6,1.3,1.2137,0.0013
1984.9583,206.9,1.2,1.212,0.0012
1985.0417,204.6,1.4,1.2097,0.0014
1985.125,202,1.4,1.2071,0.0014
1985.2083,199.7,1.2,1.2048,0.0012
1985.2917,198.6,1.2,1.2038,0.0012
1985.375,199.7,1.2,1.2049,0.0012
1985.4583,202.3,1.2,1.2075,0.0012
1985.5417,204.2,1.2,1.2094,0.0012
1985.625,203.6,1.2,1.2088,0.0012
1985.7083,200.4,1.3,1.2056,0.0013
1985.7917,196.5,1.4,1.2017,0.0014
1985.875,193.5,1.6,1.1987,0.0016
1985.9583,191.4,1.7,1.1966,0.0017
1986.0417,189.3,1.6,1.1945,0.0016
1986.125,186.9,1.4,1.192,0.0014
1986.2083,185,1.3,1.1902,0.0013
1986.2917,185.1,1.3,1.1903,0.0013
1986.375,187.3,1.3,1.1925,0.0013
1986.4583,190.2,1.2,1.1954,0.0012
1986.5417,191.8,1.1,1.1971,0.0011
1986.625,191.4,1.1,1.1967,0.0011
1986.7083,189.2,1.1,1.1945,0.0011
1986.7917,186.2,1,1.1915,0.001
1986.875,183.2,1,1.1885,0.001
1986.9583,180.3,0.9,1.1856,0.0009
1987.0417,177.9,1.1,1.1832,0.0011
1987.125,176.4,1.2,1.1817,0.0012
1987.2083,176.4,1.2,1.1817,0.0012
1987.2917,178.2,1,1.1835,0.001
1987.375,181.6,0.9,1.1869,0.0009
1987.4583,185.2,0.9,1.1906,0.0009
1987.5417,187.2,1,1.1926,0.001
1987.625,186.2,1.1,1.1916,0.0011
1987.7083,182.4,1.3,1.1878,0.0013
1987.7917,177.5,1.4,1.1829,0.0014
1987.875,173.7,1.4,1.179,0.0014
1987.9583,171.8,1.3,1.1772,0.0013
1988.0417,171.2,1.2,1.1766,0.0012
1988.125,170.7,1.2,1.1761,0.0012
1988.2083,169.8,1.2,1.1753,0.0012
1988.2917,169.2,1.2,1.1747,0.0012
1988.375,169.5,1.1,1.1749,0.0011
1988.4583,170.3,1.1,1.1758,0.0011
1988.5417,170.5,1.2,1.1759,0.0012
1988.625,169.3,1.3,1.1747,0.0013
1988.7083,167.4,1.4,1.1728,0.0014
1988.7917,166.3,1.4,1.1718,0.0014
1988.875,167.1,1.4,1.1726,0.0014
1988.9583,169.1,1.4,1.1746,0.0014
1989.0417,170.3,1.5,1.1759,0.0015
1989.125,169.5,1.4,1.175,0.0014
1989.2083,166.8,1.4,1.1724,0.0014
1989.2917,163.8,1.4,1.1694,0.0014
1989.375,162,1.4,1.1675,0.0014
1989.4583,161.6,1.4,1.1672,0.0014
1989.5417,162,1.6,1.1676,0.0016
1989.625,162.2,1.8,1.1677,0.0018
1989.7083,161.3,1.8,1.1668,0.0018
1989.7917,159.5,1.7,1.1651,0.0017
1989.875,157.7,1.4,1.1633,0.0014
1989.9583,156.6,1.3,1.1622,0.0013
1990.0417,156,1.3,1.1616,0.0013
1990.125,154.9,1.4,1.1606,0.0014
1990.2083,152.9,1.5,1.1586,0.0015
1990.2917,150.5,1.5,1.1562,0.0015
1990.375,149,1.4,1.1546,0.0014
1990.4583,148.8,1.3,1.1545,0.0013
1990.5417,149.5,1.5,1.1552,0.0015
1990.625,149.8,1.6,1.1555,0.0016
1990.7083,148.7,1.6,1.1544,0.0016
1990.7917,146.3,1.7,1.152,0.0017
1990.875,143.3,1.7,1.1489,0.0017
1990.9583,140.2,1.6,1.1459,0.0016
1991.0417,137.4,1.5,1.143,0.0015
1991.125,135.1,1.6,1.1407,0.0016
1991.2083,134,1.7,1.1396,0.0017
1991.2917,134.6,1.6,1.1403,0.0016
1991.375,136.7,1.4,1.1424,0.0014
1991.4583,139.4,1.4,1.1451,0.0014
1991.5417,141.5,1.4,1.1473,0.0014
1991.625,142.3,1.5,1.1481,0.0015
1991.7083,141.8,1.7,1.1475,0.0017
1991.7917,140.1,1.8,1.1459,0.0018
1991.875,137.7,1.7,1.1435,0.0017
1991.9583,135,1.4,1.1407,0.0014
1992.0417,132.4,1.2,1.1382,0.0012
1992.125,130.8,1.2,1.1366,0.0012
1992.2083,130.5,1.2,1.1362,0.0012
1992.2917,131.5,1.2,1.1373,0.0012
1992.375,133.4,1.3,1.1392,0.0013
1992.4583,135.5,1.3,1.1413,0.0013
1992.5417,136.9,1.2,1.1428,0.0012
1992.625,137.2,1.1,1.1431,0.0011
1992.7083,136.3,1.2,1.1422,0.0012
1992.7917,134.6,1.2,1.1405,0.0012
1992.875,132.7,1.1,1.1386,0.0011
1992.9583,130.8,1.1,1.1366,0.0011
1993.0417,128.7,1.1,1.1346,0.0011
1993.125,126.7,1.2,1.1326,0.0012
1993.2083,125.2,1.2,1.1311,0.0012
1993.2917,124.7,1.1,1.1307,0.0011
1993.375,125.3,1,1.1312,0.001
1993.4583,126.5,1,1.1324,0.001
1993.5417,127.3,1,1.1333,0.001
1993.625,127.2,1,1.1332,0.001
1993.7083,125.9,1.1,1.1319,0.0011
1993.7917,123.8,1.2,1.1297,0.0012
1993.875,121.4,1.1,1.1273,0.0011
1993.9583,119.4,1,1.1253,0.001
1994.0417,118.2,1,1.1241,0.001
1994.125,117.7,1,1.1237,0.001
1994.2083,118,1,1.1239,0.001
1994.2917,118.6,1,1.1246,0.001
1994.375,119.4,1,1.1255,0.001
1994.4583,120.2,1.1,1.1263,0.0011
1994.5417,120.5,1.1,1.1266,0.0011
1994.625,120.2,1.1,1.1263,0.0011
1994.7083,119.5,1.1,1.1255,0.0011
1994.7917,118.7,1,1.1248,0.001
1994.875,118.1,1,1.1242,0.001
1994.9583,117.5,1.1,1.1236,0.0011
1995.0417,116.3,1.2,1.1224,0.0012
1995.125,114.5,1.2,1.1206,0.0012
1995.2083,112.4,1.1,1.1185,0.0011
1995.2917,111,1,1.1171,0.001
1995.375,111.1,1,1.1172,0.001
1995.4583,112.3,1.2,1.1184,0.0012
1995.5417,113.8,1.3,1.1199,0.0013
1995.625,114.6,1.3,1.1207,0.0013
1995.7083,114.3,1.2,1.1205,0.0012
1995.7917,113.3,1.1,1.1195,0.0011
1995.875,112,1,1.1182,0.001
1995.9583,110.2,0.9,1.1164,0.0009
1996.0417,107.9,0.8,1.1141,0.0008
1996.125,105.4,0.8,1.1116,0.0008
1996.2083,103.8,0.8,1.11,0.0008
1996.2917,103.8,0.9,1.11,0.0009
1996.375,105.3,0.8,1.1115,0.0008
1996.4583,107.1,0.9,1.1134,0.0009
1996.5417,108,0.9,1.1143,0.0009
1996.625,107.6,0.9,1.1138,0.0009
1996.7083,106.3,0.9,1.1126,0.0009
1996.7917,105.1,0.9,1.1114,0.0009
1996.875,104.4,0.9,1.1106,0.0009
1996.9583,104,0.9,1.1103,0.0009
1997.0417,103.7,0.9,1.11,0.0009
1997.125,103,0.9,1.1093,0.0009
1997.2083,101.9,0.9,1.1082,0.0009
1997.2917,100.7,1,1.107,0.001
1997.375,100,1,1.1064,0.001
1997.4583,100,1,1.1064,0.001
1997.5417,100.2,0.9,1.1066,0.0009
1997.625,99.9,0.9,1.1063,0.0009
1997.7083,99,1,1.1054,0.001
1997.7917,98.1,1.2,1.1044,0.0012
1997.875,97.8,1.2,1.1042,0.0012
1997.9583,98.1,1.2,1.1045,0.0012
1998.0417,98.2,1,1.1046,0.001
1998.125,97.6,0.9,1.104,0.0009
1998.2083,96.6,0.9,1.103,0.0009
1998.2917,96.1,0.8,1.1025,0.0008
1998.375,96.7,0.8,1.1031,0.0008
1998.4583,98.1,0.9,1.1046,0.0009
1998.5417,99.4,0.9,1.1059,0.0009
1998.625,99.8,1.1,1.1063,0.0011
1998.7083,99.1,1.2,1.1056,0.0012
1998.7917,97.7,1.3,1.1042,0.0013
1998.875,95.9,1.2,1.1024,0.0012
1998.9583,93.9,1,1.1004,0.001
1999.0417,91.6,1,1.0981,0.001
1999.125,89.6,1,1.0961,0.001
1999.2083,88.4,1,1.0949,0.001
1999.2917,88.7,1,1.0952,0.001
1999.375,89.9,1,1.0965,0.001
1999.4583,91.3,0.9,1.0979,0.0009
1999.5417,92.1,1,1.0987,0.001
1999.625,92.3,1.2,1.0989,0.0012
1999.7083,92.3,1.3,1.0989,0.0013
1999.7917,92.2,1.1,1.0988,0.0011
1999.875,91.9,1,1.0985,0.001
1999.9583,91,0.9,1.0976,0.0009
2000.0417,89.4,0.8,1.096,0.0008
2000.125,87.5,0.8,1.0942,0.0008
2000.2083,86,0.8,1.0926,0.0008
2000.2917,85.2,0.9,1.0918,0.0009
2000.375,85.3,0.9,1.092,0.0009
2000.4583,86,0.9,1.0927,0.0009
2000.5417,86.9,0.9,1.0935,0.0009
2000.625,87.5,0.9,1.0942,0.0009
2000.7083,87.7,0.8,1.0944,0.0008
2000.7917,87.2,0.8,1.0939,0.0008
2000.875,85.8,1,1.0925,0.001
2000.9583,83.4,1,1.0901,0.001
2001.0417,80.3,0.9,1.087,0.0009
2001.125,77.7,0.9,1.0843,0.0009
2001.2083,76.4,0.9,1.0831,0.0009
2001.2917,76.8,0.8,1.0835,0.0008
2001.375,78.5,0.7,1.0852,0.0007
2001.4583,80.6,0.6,1.0873,0.0006
2001.5417,82.1,0.6,1.0888,0.0006
2001.625,82.6,0.5,1.0894,0.0005
2001.7083,82.2,0.5,1.089,0.0005
2001.7917,81.1,0.6,1.0879,0.0006
2001.875,79.6,0.5,1.0864,0.0005
2001.9583,78,0.5,1.0848,0.0005
2002.0417,76.1,0.5,1.0829,0.0005
2002.125,74,0.5,1.0808,0.0005
2002.2083,72.3,0.5,1.0791,0.0005
2002.2917,71.7,0.5,1.0785,0.0005
2002.375,72.7,0.5,1.0795,0.0005
2002.4583,74.8,0.5,1.0816,0.0005
2002.5417,76.8,0.5,1.0837,0.0005
2002.625,77.5,0.5,1.0844,0.0005
2002.7083,76.6,0.6,1.0835,0.0006
2002.7917,74.7,0.6,1.0816,0.0006
2002.875,72.7,0.6,1.0796,0.0006
2002.9583,71.1,0.6,1.078,0.0006
2003.0417,69.7,0.6,1.0766,0.0006
2003.125,68.5,0.6,1.0754,0.0006
2003.2083,67.8,0.6,1.0747,0.0006
2003.2917,67.9,0.6,1.0748,0.0006
2003.375,68.9,0.5,1.0758,0.0005
2003.4583,70.1,0.5,1.077,0.0005
2003.5417,70.7,0.6,1.0777,0.0006
2003.625,70.7,0.6,1.0777,0.0006
2003.7083,70.3,0.5,1.0773,0.0005
2003.7917,69.5,0.5,1.0765,0.0005
2003.875,68.3,0.6,1.0753,0.0006
2003.9583,66.2,0.6,1.0732,0.0006
2004.0417,63.5,0.5,1.0705,0.0005
2004.125,60.9,0.5,1.0678,0.0005
2004.2083,59.4,0.5,1.0664,0.0005
2004.2917,59.6,0.5,1.0666,0.0005
2004.375,61.3,0.6,1.0683,0.0006
2004.4583,63.2,0.6,1.0702,0.0006
2004.5417,64.3,0.5,1.0714,0.0005
2004.625,64.2,0.6,1.0712,0.0006
2004.7083,63.1,0.6,1.0702,0.0006
2004.7917,61.9,0.6,1.069,0.0006
2004.875,61.1,0.6,1.0682,0.0006
2004.9583,60.7,0.6,1.0678,0.0006
2005.0417,60.2,0.6,1.0673,0.0006
2005.125,59.4,0.6,1.0665,0.0006
2005.2083,58.6,0.6,1.0657,0.0006
2005.2917,58.5,0.6,1.0656,0.0006
2005.375,59.1,0.7,1.0662,0.0007
2005.4583,59.7,0.7,1.0668,0.0007
2005.5417,59.5,0.6,1.0666,0.0006
2005.625,58.5,0.6,1.0657,0.0006
2005.7083,57.3,0.6,1.0644,0.0006
2005.7917,56.2,0.6,1.0634,0.0006
2005.875,55.2,0.5,1.0624,0.0005
2005.9583,54.1,0.5,1.0612,0.0005
2006.0417,52.8,0.5,1.0599,0.0005
2006.125,51.8,0.5,1.0589,0.0005
2006.2083,51.8,0.6,1.059,0.0006
2006.2917,53,0.6,1.0602,0.0006
2006.375,55,0.6,1.0623,0.0006
2006.4583,56.9,0.6,1.0641,0.0006
2006.5417,57.8,0.6,1.065,0.0006
2006.625,57.5,0.6,1.0648,0.0006
2006.7083,56.5,0.6,1.0637,0.0006
2006.7917,55.3,0.5,1.0626,0.0005
2006.875,54.4,0.5,1.0616,0.0005
2006.9583,53.5,0.6,1.0608,0.0006
2007.0417,52.4,0.6,1.0597,0.0006
2007.125,51,0.6,1.0583,0.0006
2007.2083,49.7,0.6,1.057,0.0006
2007.2917,49.1,0.6,1.0564,0.0006
2007.375,49.3,0.6,1.0566,0.0006
2007.4583,50.3,0.6,1.0576,0.0006
2007.5417,51.3,0.6,1.0587,0.0006
2007.625,51.8,0.6,1.0592,0.0006
2007.7083,51.5,0.7,1.0589,0.0007
2007.7917,50.6,0.7,1.058,0.0007
2007.875,49.6,0.7,1.057,0.0007
2007.9583,48.8,0.7,1.0562,0.0007
2008.0417,48.1,0.7,1.0555,0.0007
2008.125,47.6,0.7,1.055,0.0007
2008.2083,47.1,0.7,1.0545,0.0007
2008.2917,47.1,0.7,1.0545,0.0007
2008.375,47.5,0.7,1.0549,0.0007
2008.4583,48.2,0.6,1.0556,0.0006
2008.5417,48.5,0.6,1.056,0.0006
2008.625,48,0.6,1.0554,0.0006
2008.7083,46.8,0.6,1.0543,0.0006
2008.7917,45.7,0.6,1.0532,0.0006
2008.875,45.2,0.6,1.0526,0.0006
2008.9583,44.8,0.6,1.0523,0.0006
2009.0417,44.2,0.6,1.0517,0.0006
2009.125,43.2,0.6,1.0507,0.0006
2009.2083,42.4,0.6,1.0499,0.0006
2009.2917,42.6,0.6,1.0501,0.0006
2009.375,43.6,0.6,1.0512,0.0006
2009.4583,44.7,0.6,1.0522,0.0006
2009.5417,44.8,0.6,1.0524,0.0006
2009.625,44,0.6,1.0516,0.0006
2009.7083,42.9,0.6,1.0505,0.0006
2009.7917,42.2,0.6,1.0497,0.0006
2009.875,42,0.6,1.0495,0.0006
2009.9583,41.9,0.6,1.0495,0.0006
2010.0417,41.6,0.6,1.0492,0.0006
2010.125,40.8,0.6,1.0484,0.0006
2010.2083,39.9,0.5,1.0475,0.0005
2010.2917,39.2,0.5,1.0468,0.0005
2010.375,39,0.6,1.0466,0.0006
2010.4583,39.4,0.6,1.047,0.0006
2010.5417,39.9,0.6,1.0476,0.0006
2010.625,40.1,0.6,1.0478,0.0006
2010.7083,39.6,0.6,1.0473,0.0006
2010.7917,38.6,0.6,1.0462,0.0006
2010.875,37.5,0.6,1.0452,0.0006
2010.9583,36.8,0.6,1.0445,0.0006
2011.0417,36.5,0.6,1.0442,0.0006
2011.125,36.2,0.6,1.0439,0.0006
2011.2083,35.4,0.6,1.0431,0.0006
2011.2917,34.3,0.6,1.042,0.0006
2011.375,33.3,0.6,1.041,0.0006
2011.4583,33,0.6,1.0407,0.0006
2011.5417,33.2,0.6,1.041,0.0006
2011.625,33.7,0.6,1.0414,0.0006
2011.7083,33.9,0.6,1.0416,0.0006
2011.7917,33.6,0.6,1.0414,0.0006
2011.875,33.1,0.6,1.0408,0.0006
2011.9583,32.3,0.6,1.0401,0.0006
2012.0417,31.2,0.6,1.039,0.0006
2012.125,30,0.6,1.0378,0.0006
2012.2083,29,0.6,1.0367,0.0006
2012.2917,28.8,0.6,1.0366,0.0006
2012.375,29.7,0.6,1.0375,0.0006
2012.4583,31.2,0.6,1.039,0.0006
2012.5417,32.4,0.5,1.0403,0.0005
2012.625,32.6,0.5,1.0405,0.0005
2012.7083,31.8,0.5,1.0397,0.0005
2012.7917,30.6,0.5,1.0384,0.0005
2012.875,29.2,0.6,1.037,0.0006
2012.9583,27.4,0.6,1.0352,0.0006
2013.0417,24.7,0.6,1.0325,0.0006
2013.125,21.6,0.5,1.0294,0.0005
2013.2083,19.3,0.5,1.0271,0.0005
2013.2917,19,0.5,1.0268,0.0005
2013.375,20.7,0.5,1.0285,0.0005
2013.4583,23.1,0.5,1.031,0.0005
2013.5417,24.6,0.5,1.0325,0.0005
2013.625,24.7,0.5,1.0326,0.0005
2013.7083,23.8,0.5,1.0317,0.0005
2013.7917,22.7,0.5,1.0307,0.0005
2013.875,21.9,0.5,1.0298,0.0005
2013.9583,20.9,0.5,1.0288,0.0005
2014.0417,19.4,0.5,1.0274,0.0005
2014.125,17.9,0.5,1.0258,0.0005
2014.2083,17,0.5,1.0249,0.0005
2014.2917,17.3,0.5,1.0253,0.0005
2014.375,18.7,0.5,1.0266,0.0005
2014.4583,20.2,0.5,1.0282,0.0005
2014.5417,20.8,0.5,1.0288,0.0005
2014.625,20.1,0.5,1.0281,0.0005
2014.7083,18.5,0.5,1.0265,0.0005
2014.7917,16.9,0.5,1.0249,0.0005
2014.875,16,0.5,1.024,0.0005
2014.9583,15.8,0.5,1.0239,0.0005
2015.0417,15.8,0.5,1.0239,0.0005
2015.125,15.5,0.5,1.0236,0.0005
2015.2083,14.9,0.5,1.0229,0.0005
2015.2917,14.5,0.5,1.0226,0.0005
2015.375,14.8,0.5,1.0229,0.0005
2015.4583,15.7,0.5,1.0238,0.0005
2015.5417,16.5,0.5,1.0246,0.0005
2015.625,16.7,0.5,1.0248,0.0005
2015.7083,16.2,0.5,1.0243,0.0005
2015.7917,15.4,0.5,1.0235,0.0005
2015.875,14.7,0.5,1.0228,0.0005
2015.9583,14,0.5,1.0221,0.0005
2016.0417,13,0.5,1.0212,0.0005
2016.125,11.6,0.5,1.0197,0.0005
2016.2083,10.2,0.5,1.0183,0.0005
2016.2917,9.5,0.5,1.0176,0.0005
2016.375,10.1,0.6,1.0182,0.0006
2016.4583,11.4,0.6,1.0196,0.0006
2016.5417,12.5,0.5,1.0207,0.0005
2016.625,12.7,0.5,1.0209,0.0005
2016.7083,11.8,0.5,1.02,0.0005
2016.7917,10.3,0.5,1.0185,0.0005
2016.875,9.1,0.5,1.0173,0.0005
2016.9583,8.2,0.5,1.0164,0.0005
2017.0417,7.5,0.6,1.0157,0.0006
2017.125,6.8,0.5,1.015,0.0005
2017.2083,6.3,0.5,1.0145,0.0005
2017.2917,6.4,0.5,1.0147,0.0005
2017.375,7.1,0.5,1.0154,0.0005
2017.4583,7.9,0.5,1.0161,0.0005
2017.5417,8.1,0.5,1.0164,0.0005
2017.625,7.8,0.5,1.0161,0.0005
2017.7083,7.4,0.5,1.0156,0.0005
2017.7917,7.4,0.5,1.0157,0.0005
2017.875,8,0.5,1.0164,0.0005
2017.9583,8.4,0.5,1.0168,0.0005
2018.0417,7.8,0.5,1.0161,0.0005
2018.125,6,0.5,1.0143,0.0005
2018.2083,3.8,0.5,1.0122,0.0005
2018.2917,2.6,0.5,1.0109,0.0005
2018.375,3,0.5,1.0113,0.0005
2018.4583,4.5,0.5,1.0129,0.0005
2018.5417,6.1,0.5,1.0144,0.0005
2018.625,6.6,0.5,1.015,0.0005
2018.7083,6.1,0.5,1.0145,0.0005
2018.7917,5,0.5,1.0134,0.0005
2018.875,4.1,0.6,1.0125,0.0006
2018.9583,3.4,0.6,1.0118,0.0006
2019.0417,2.5,0.8,1.0109,0.0008
2019.125,1.2,0.9,1.0096,0.0009
2019.2083,0,0.9,1.0084,0.0009
2019.2917,-0.6,0.9,1.0078,0.0009
2019.375,0,0.8,1.0084,0.0008
